"1";"FlowOfPeople";"#";"2";"1491400272286";"1"
"1";"FlowOfPeople";"#";"3";"1491400272323";"1"
"1";"FlowOfPeople";"#";"4";"1491400272344";"1"
"1";"FlowOfPeople";"#";"5";"1491400272424";"1"
"1";"FlowOfPeople";"#";"6";"1491400272450";"1"
"1";"FlowOfPeople";"#";"7";"1491400272548";"1"
"1";"FlowOfPeople";"#";"8";"1491400272646";"1"
"1";"FlowOfPeople";"#";"9";"1491400272712";"1"
"1";"FlowOfPeople";"#";"10";"1491400272743";"1"
"1";"FlowOfPeople";"#";"11";"1491400272794";"1"
"1";"FlowOfPeople";"#";"12";"1491400272795";"1"
"1";"FlowOfPeople";"#";"13";"1491400272807";"1"
"1";"FlowOfPeople";"#";"14";"1491400272846";"1"
"1";"FlowOfPeople";"#";"15";"1491400272870";"1"
"1";"FlowOfPeople";"#";"16";"1491400272948";"1"
"1";"FlowOfPeople";"#";"17";"1491400273032";"1"
"1";"FlowOfPeople";"#";"18";"1491400273129";"1"
"1";"FlowOfPeople";"#";"19";"1491400273169";"1"
"1";"FlowOfPeople";"#";"20";"1491400273177";"1"
"1";"FlowOfPeople";"#";"21";"1491400273213";"1"
"1";"FlowOfPeople";"#";"22";"1491400273246";"1"
"1";"FlowOfPeople";"#";"23";"1491400273301";"1"
"1";"FlowOfPeople";"#";"24";"1491400273370";"1"
"1";"FlowOfPeople";"#";"25";"1491400273500";"1"
"1";"FlowOfPeople";"#";"26";"1491400273512";"1"
"1";"FlowOfPeople";"#";"27";"1491400273644";"1"
"1";"FlowOfPeople";"#";"28";"1491400273704";"1"
"1";"FlowOfPeople";"#";"29";"1491400273710";"1"
"1";"FlowOfPeople";"#";"30";"1491400273805";"1"
"1";"FlowOfPeople";"#";"31";"1491400273806";"1"
"1";"FlowOfPeople";"#";"32";"1491400273814";"1"
"1";"FlowOfPeople";"#";"33";"1491400273831";"1"
"1";"FlowOfPeople";"#";"34";"1491400273854";"1"
"1";"FlowOfPeople";"#";"35";"1491400273876";"1"
"1";"FlowOfPeople";"#";"36";"1491400273986";"1"
"1";"FlowOfPeople";"#";"37";"1491400273999";"1"
"1";"FlowOfPeople";"#";"38";"1491400274025";"1"
"1";"FlowOfPeople";"#";"39";"1491400275820";"2"
"1";"FlowOfPeople";"#";"40";"1491400276676";"2"
"1";"FlowOfPeople";"#";"41";"1491400276906";"2"
"1";"FlowOfPeople";"#";"42";"1491400277350";"2"
"1";"FlowOfPeople";"#";"43";"1491400277377";"2"
"1";"FlowOfPeople";"#";"44";"1491400278664";"2"
"1";"FlowOfPeople";"#";"45";"1491400278670";"2"
"1";"FlowOfPeople";"#";"46";"1491400278738";"2"
"1";"FlowOfPeople";"#";"47";"1491400278886";"2"
"1";"FlowOfPeople";"#";"48";"1491400278980";"2"
"1";"FlowOfPeople";"#";"49";"1491400279414";"2"
"1";"FlowOfPeople";"#";"50";"1491400279479";"2"
"1";"FlowOfPeople";"#";"51";"1491400279522";"2"
"1";"FlowOfPeople";"#";"52";"1491400279530";"2"
"1";"FlowOfPeople";"#";"53";"1491400279546";"2"
"1";"FlowOfPeople";"#";"54";"1491400279550";"2"
"1";"FlowOfPeople";"#";"55";"1491400279558";"2"
"1";"FlowOfPeople";"#";"56";"1491400279561";"2"
"1";"FlowOfPeople";"#";"57";"1491400279562";"2"
"1";"FlowOfPeople";"#";"58";"1491400279574";"3"
"1";"FlowOfPeople";"#";"59";"1491400279614";"3"
"1";"FlowOfPeople";"#";"60";"1491400279663";"3"
"1";"FlowOfPeople";"#";"61";"1491400279665";"3"
"1";"FlowOfPeople";"#";"62";"1491400279704";"3"
"1";"FlowOfPeople";"#";"63";"1491400279707";"3"
"1";"FlowOfPeople";"#";"64";"1491400279719";"3"
"1";"FlowOfPeople";"#";"65";"1491400279729";"3"
"1";"FlowOfPeople";"#";"66";"1491400279742";"3"
"1";"FlowOfPeople";"#";"67";"1491400279744";"3"
"1";"FlowOfPeople";"#";"68";"1491400279753";"3"
"1";"FlowOfPeople";"#";"69";"1491400279764";"3"
"1";"FlowOfPeople";"#";"70";"1491400279770";"3"
"1";"FlowOfPeople";"#";"71";"1491400279793";"3"
"1";"FlowOfPeople";"#";"72";"1491400279801";"3"
"1";"FlowOfPeople";"#";"73";"1491400279812";"3"
"1";"FlowOfPeople";"#";"74";"1491400279846";"3"
"1";"FlowOfPeople";"#";"75";"1491400279848";"3"
"1";"FlowOfPeople";"#";"76";"1491400279857";"3"
"1";"FlowOfPeople";"#";"77";"1491400279863";"3"
"1";"FlowOfPeople";"#";"78";"1491400279869";"3"
"1";"FlowOfPeople";"#";"79";"1491400279905";"3"
"1";"FlowOfPeople";"#";"80";"1491400279908";"3"
"1";"FlowOfPeople";"#";"81";"1491400279920";"3"
"1";"FlowOfPeople";"#";"82";"1491400279991";"3"
"1";"FlowOfPeople";"#";"83";"1491400280003";"3"
"1";"FlowOfPeople";"#";"84";"1491400280025";"3"
"1";"FlowOfPeople";"#";"85";"1491400280052";"3"
"1";"FlowOfPeople";"#";"86";"1491400280055";"3"
"1";"FlowOfPeople";"#";"87";"1491400280057";"3"
"1";"FlowOfPeople";"#";"88";"1491400280080";"3"
"1";"FlowOfPeople";"#";"89";"1491400280107";"3"
"1";"FlowOfPeople";"#";"90";"1491400280123";"3"
"1";"FlowOfPeople";"#";"91";"1491400280154";"3"
"1";"FlowOfPeople";"#";"92";"1491400280155";"3"
"1";"FlowOfPeople";"#";"93";"1491400280191";"3"
"1";"FlowOfPeople";"#";"94";"1491400280216";"3"
"1";"FlowOfPeople";"#";"95";"1491400280231";"3"
"1";"FlowOfPeople";"#";"96";"1491400280264";"3"
"1";"FlowOfPeople";"#";"97";"1491400280266";"3"
"1";"FlowOfPeople";"#";"98";"1491400280271";"3"
"1";"FlowOfPeople";"#";"99";"1491400280289";"3"
"1";"FlowOfPeople";"#";"100";"1491400280293";"3"
"1";"FlowOfPeople";"#";"101";"1491400280318";"3"
"1";"FlowOfPeople";"#";"102";"1491400280352";"3"
"1";"FlowOfPeople";"#";"103";"1491400280402";"3"
"1";"FlowOfPeople";"#";"104";"1491400280407";"3"
"1";"FlowOfPeople";"#";"105";"1491400280422";"3"
"1";"FlowOfPeople";"#";"106";"1491400280435";"3"
"1";"FlowOfPeople";"#";"107";"1491400280438";"3"
"1";"FlowOfPeople";"#";"108";"1491400280440";"3"
"1";"FlowOfPeople";"#";"109";"1491400280454";"3"
"1";"FlowOfPeople";"#";"110";"1491400280472";"3"
"1";"FlowOfPeople";"#";"111";"1491400280506";"3"
"1";"FlowOfPeople";"#";"112";"1491400280511";"3"
"1";"FlowOfPeople";"#";"113";"1491400280515";"3"
"1";"FlowOfPeople";"#";"114";"1491400280521";"3"
"1";"FlowOfPeople";"#";"115";"1491400280529";"3"
"1";"FlowOfPeople";"#";"116";"1491400280532";"3"
"1";"FlowOfPeople";"#";"117";"1491400280551";"3"
"1";"FlowOfPeople";"#";"118";"1491400280562";"3"
"1";"FlowOfPeople";"#";"119";"1491400280573";"3"
"1";"FlowOfPeople";"#";"120";"1491400280613";"3"
"1";"FlowOfPeople";"#";"121";"1491400280660";"3"
"1";"FlowOfPeople";"#";"122";"1491400280663";"3"
"1";"FlowOfPeople";"#";"123";"1491400280685";"3"
"1";"FlowOfPeople";"#";"124";"1491400280722";"3"
"1";"FlowOfPeople";"#";"125";"1491400280730";"3"
"2";"FlowOfPeople";"#";"2";"1491400293279";"1"
"2";"FlowOfPeople";"#";"3";"1491400293303";"1"
"2";"FlowOfPeople";"#";"4";"1491400293327";"1"
"2";"FlowOfPeople";"#";"5";"1491400293341";"1"
"2";"FlowOfPeople";"#";"6";"1491400293414";"1"
"2";"FlowOfPeople";"#";"7";"1491400293479";"1"
"2";"FlowOfPeople";"#";"8";"1491400293480";"1"
"2";"FlowOfPeople";"#";"9";"1491400293630";"1"
"2";"FlowOfPeople";"#";"10";"1491400293640";"1"
"2";"FlowOfPeople";"#";"11";"1491400293651";"1"
"2";"FlowOfPeople";"#";"12";"1491400293684";"1"
"2";"FlowOfPeople";"#";"13";"1491400293687";"1"
"2";"FlowOfPeople";"#";"14";"1491400293692";"1"
"2";"FlowOfPeople";"#";"15";"1491400293895";"1"
"2";"FlowOfPeople";"#";"16";"1491400294055";"1"
"2";"FlowOfPeople";"#";"17";"1491400294126";"1"
"2";"FlowOfPeople";"#";"18";"1491400294188";"1"
"2";"FlowOfPeople";"#";"19";"1491400294269";"1"
"2";"FlowOfPeople";"#";"20";"1491400294370";"1"
"2";"FlowOfPeople";"#";"21";"1491400294416";"1"
"2";"FlowOfPeople";"#";"22";"1491400294442";"1"
"2";"FlowOfPeople";"#";"23";"1491400294448";"1"
"2";"FlowOfPeople";"#";"24";"1491400294455";"1"
"2";"FlowOfPeople";"#";"25";"1491400294508";"1"
"2";"FlowOfPeople";"#";"26";"1491400294544";"1"
"2";"FlowOfPeople";"#";"27";"1491400294599";"1"
"2";"FlowOfPeople";"#";"28";"1491400294623";"1"
"2";"FlowOfPeople";"#";"29";"1491400294660";"1"
"2";"FlowOfPeople";"#";"30";"1491400294675";"1"
"2";"FlowOfPeople";"#";"31";"1491400294705";"1"
"2";"FlowOfPeople";"#";"32";"1491400294738";"1"
"2";"FlowOfPeople";"#";"33";"1491400294741";"1"
"2";"FlowOfPeople";"#";"34";"1491400294777";"1"
"2";"FlowOfPeople";"#";"35";"1491400294871";"1"
"2";"FlowOfPeople";"#";"36";"1491400294893";"1"
"2";"FlowOfPeople";"#";"37";"1491400294895";"1"
"2";"FlowOfPeople";"#";"38";"1491400295016";"1"
"2";"FlowOfPeople";"#";"39";"1491400295490";"2"
"2";"FlowOfPeople";"#";"40";"1491400296674";"2"
"2";"FlowOfPeople";"#";"41";"1491400296748";"2"
"2";"FlowOfPeople";"#";"42";"1491400297459";"2"
"2";"FlowOfPeople";"#";"43";"1491400297726";"2"
"2";"FlowOfPeople";"#";"44";"1491400297827";"2"
"2";"FlowOfPeople";"#";"45";"1491400299525";"2"
"2";"FlowOfPeople";"#";"46";"1491400299973";"2"
"2";"FlowOfPeople";"#";"47";"1491400300409";"2"
"2";"FlowOfPeople";"#";"48";"1491400300424";"2"
"2";"FlowOfPeople";"#";"49";"1491400300433";"2"
"2";"FlowOfPeople";"#";"50";"1491400300440";"2"
"2";"FlowOfPeople";"#";"51";"1491400300457";"2"
"2";"FlowOfPeople";"#";"52";"1491400300465";"3"
"2";"FlowOfPeople";"#";"53";"1491400300472";"3"
"2";"FlowOfPeople";"#";"54";"1491400300521";"3"
"2";"FlowOfPeople";"#";"55";"1491400300534";"3"
"2";"FlowOfPeople";"#";"56";"1491400300547";"3"
"2";"FlowOfPeople";"#";"57";"1491400300548";"3"
"2";"FlowOfPeople";"#";"58";"1491400300558";"3"
"2";"FlowOfPeople";"#";"59";"1491400300573";"3"
"2";"FlowOfPeople";"#";"60";"1491400300580";"3"
"2";"FlowOfPeople";"#";"61";"1491400300581";"3"
"2";"FlowOfPeople";"#";"62";"1491400300591";"3"
"2";"FlowOfPeople";"#";"63";"1491400300651";"3"
"2";"FlowOfPeople";"#";"64";"1491400300663";"3"
"2";"FlowOfPeople";"#";"65";"1491400300664";"3"
"2";"FlowOfPeople";"#";"66";"1491400300685";"3"
"2";"FlowOfPeople";"#";"67";"1491400300697";"3"
"2";"FlowOfPeople";"#";"68";"1491400300706";"3"
"2";"FlowOfPeople";"#";"69";"1491400300733";"3"
"2";"FlowOfPeople";"#";"70";"1491400300741";"3"
"2";"FlowOfPeople";"#";"71";"1491400300743";"3"
"2";"FlowOfPeople";"#";"72";"1491400300748";"3"
"2";"FlowOfPeople";"#";"73";"1491400300755";"3"
"2";"FlowOfPeople";"#";"74";"1491400300786";"3"
"2";"FlowOfPeople";"#";"75";"1491400300788";"3"
"2";"FlowOfPeople";"#";"76";"1491400300794";"3"
"2";"FlowOfPeople";"#";"77";"1491400300805";"3"
"2";"FlowOfPeople";"#";"78";"1491400300809";"3"
"2";"FlowOfPeople";"#";"79";"1491400300837";"3"
"2";"FlowOfPeople";"#";"80";"1491400300913";"3"
"2";"FlowOfPeople";"#";"81";"1491400300923";"3"
"2";"FlowOfPeople";"#";"82";"1491400300936";"3"
"2";"FlowOfPeople";"#";"83";"1491400300958";"3"
"2";"FlowOfPeople";"#";"84";"1491400300963";"3"
"2";"FlowOfPeople";"#";"85";"1491400300976";"3"
"2";"FlowOfPeople";"#";"86";"1491400301038";"3"
"2";"FlowOfPeople";"#";"87";"1491400301051";"3"
"2";"FlowOfPeople";"#";"88";"1491400301090";"3"
"2";"FlowOfPeople";"#";"89";"1491400301127";"3"
"2";"FlowOfPeople";"#";"90";"1491400301130";"3"
"2";"FlowOfPeople";"#";"91";"1491400301174";"3"
"2";"FlowOfPeople";"#";"92";"1491400301182";"3"
"2";"FlowOfPeople";"#";"93";"1491400301186";"3"
"2";"FlowOfPeople";"#";"94";"1491400301205";"3"
"2";"FlowOfPeople";"#";"95";"1491400301276";"3"
"2";"FlowOfPeople";"#";"96";"1491400301278";"3"
"2";"FlowOfPeople";"#";"97";"1491400301288";"3"
"2";"FlowOfPeople";"#";"98";"1491400301312";"3"
"2";"FlowOfPeople";"#";"99";"1491400301329";"3"
"2";"FlowOfPeople";"#";"100";"1491400301343";"3"
"2";"FlowOfPeople";"#";"101";"1491400301355";"3"
"2";"FlowOfPeople";"#";"102";"1491400301387";"3"
"2";"FlowOfPeople";"#";"103";"1491400301393";"3"
"2";"FlowOfPeople";"#";"104";"1491400301401";"3"
"2";"FlowOfPeople";"#";"105";"1491400301416";"3"
"2";"FlowOfPeople";"#";"106";"1491400301418";"3"
"2";"FlowOfPeople";"#";"107";"1491400301432";"3"
"2";"FlowOfPeople";"#";"108";"1491400301459";"3"
"2";"FlowOfPeople";"#";"109";"1491400301480";"3"
"2";"FlowOfPeople";"#";"110";"1491400301483";"3"
"2";"FlowOfPeople";"#";"111";"1491400301487";"3"
"2";"FlowOfPeople";"#";"112";"1491400301520";"3"
"2";"FlowOfPeople";"#";"113";"1491400301533";"3"
"2";"FlowOfPeople";"#";"114";"1491400301537";"3"
"2";"FlowOfPeople";"#";"115";"1491400301547";"3"
"2";"FlowOfPeople";"#";"116";"1491400301579";"3"
"2";"FlowOfPeople";"#";"117";"1491400301586";"3"
"2";"FlowOfPeople";"#";"118";"1491400301598";"3"
"2";"FlowOfPeople";"#";"119";"1491400301604";"3"
"2";"FlowOfPeople";"#";"120";"1491400301608";"3"
"2";"FlowOfPeople";"#";"121";"1491400301639";"3"
"3";"FlowOfPeople";"#";"2";"1491400301865";"1"
"3";"FlowOfPeople";"#";"3";"1491400301885";"1"
"3";"FlowOfPeople";"#";"4";"1491400301941";"1"
"3";"FlowOfPeople";"#";"5";"1491400302084";"1"
"3";"FlowOfPeople";"#";"6";"1491400302087";"1"
"3";"FlowOfPeople";"#";"7";"1491400302121";"1"
"3";"FlowOfPeople";"#";"8";"1491400302161";"1"
"3";"FlowOfPeople";"#";"9";"1491400302175";"1"
"3";"FlowOfPeople";"#";"10";"1491400302271";"1"
"3";"FlowOfPeople";"#";"11";"1491400302276";"1"
"3";"FlowOfPeople";"#";"12";"1491400302372";"1"
"3";"FlowOfPeople";"#";"13";"1491400302432";"1"
"3";"FlowOfPeople";"#";"14";"1491400302494";"1"
"3";"FlowOfPeople";"#";"15";"1491400302525";"1"
"3";"FlowOfPeople";"#";"16";"1491400302634";"1"
"3";"FlowOfPeople";"#";"17";"1491400302649";"1"
"3";"FlowOfPeople";"#";"18";"1491400302777";"1"
"3";"FlowOfPeople";"#";"19";"1491400302809";"1"
"3";"FlowOfPeople";"#";"20";"1491400302852";"1"
"3";"FlowOfPeople";"#";"21";"1491400302893";"1"
"3";"FlowOfPeople";"#";"22";"1491400302920";"1"
"3";"FlowOfPeople";"#";"23";"1491400302921";"1"
"3";"FlowOfPeople";"#";"24";"1491400302958";"1"
"3";"FlowOfPeople";"#";"25";"1491400303004";"1"
"3";"FlowOfPeople";"#";"26";"1491400303020";"1"
"3";"FlowOfPeople";"#";"27";"1491400303113";"1"
"3";"FlowOfPeople";"#";"28";"1491400303120";"1"
"3";"FlowOfPeople";"#";"29";"1491400303153";"1"
"3";"FlowOfPeople";"#";"30";"1491400303189";"1"
"3";"FlowOfPeople";"#";"31";"1491400303262";"1"
"3";"FlowOfPeople";"#";"32";"1491400303789";"2"
"3";"FlowOfPeople";"#";"33";"1491400305176";"2"
"3";"FlowOfPeople";"#";"34";"1491400305716";"2"
"3";"FlowOfPeople";"#";"35";"1491400307000";"2"
